"","matrix","x1M","alpha.05","alpha.50","alpha.95","CF.05","CF.50","CF.95","plastic.proportion.05","plastic.proportion.50","plastic.proportion.95","fiber.proportion.05","fiber.proportion.50","fiber.proportion.95","combined.05","combined.50","combined.95"
"1","fish",25,2.52324644998914,2.59054973024628,2.65637013529981,134.754079504027,167.335305403193,206.810610477451,0.0846322743446807,0.224011531342449,0.457046955760648,NA,NA,NA,14.0012675357087,37.3492224620501,79.7006813593449
"2","grab",50,2.02094209877948,2.06986330539867,2.12020516005969,54.7569194408427,66.1877150037305,80.4762462944068,0.183620430893975,0.399522194588418,0.708943179013415,NA,NA,NA,11.9173812509336,26.3869882993811,49.0523196336395
"3","manta",333,2.02094209877948,2.06986330539867,2.12020516005969,401.257621574128,528.742419712721,703.117165762182,0.316104173604082,0.637597535015701,0.947002931694438,1.24302429830781,8.9542438654141,52.4863718265876,354.851037870284,2866.38695615515,18048.3356428524
"4","sediment",45,2.24187564516874,2.57053396853038,2.8967622538267,113.325058723903,395.086149977746,1367.12519776259,0.164575036256189,0.335817900182229,0.677439949585246,NA,NA,NA,31.3021800019221,131.524293574974,561.639699107813
"5","stormwater",106,1.59636024819848,2.96566911696383,4.31365064850636,17.8266077935256,9578.64410694286,5142299.38148815,NA,NA,NA,NA,NA,NA,17.8266077935256,9578.64410694286,5142299.38148815
"6","wastewater",110,2.52340014051255,2.54009388406155,2.55658254786856,1291.67993053506,1396.86133101399,1509.17246605366,0.0872025862287527,0.280681439591357,0.637940775745074,NA,NA,NA,121.534642651315,392.414927479909,897.083125581111
