"","matrix","x1M","alpha.05","alpha.50","alpha.95","CF.05","CF.50","CF.95","plastic.proportion.05","plastic.proportion.50","plastic.proportion.95","fiber.proportion.05","fiber.proportion.50","fiber.proportion.95","combined.05","combined.50","combined.95"
"1","fish",25,2.52365513149838,2.58988883948396,2.65389682048688,134.931374295981,166.979834091135,205.171082169567,0.0873469272508645,0.225822207485682,0.465202361732186,NA,NA,NA,14.226874072188,37.533161495863,80.0405978792432
"2","grab",50,2.02060698447779,2.07023324077649,2.11899747659863,54.6859293462175,66.2827700996945,80.0994577069738,0.186348393040135,0.39619539214742,0.707238512687915,NA,NA,NA,12.1421332363088,26.2720257970948,48.4584951740232
"3","manta",333,2.02060698447779,2.07023324077649,2.11899747659863,400.501612294905,529.848942347761,698.31756860283,0.30172943537929,0.63081228113955,0.944311273670705,1.17318951360211,8.66884691360911,50.4118387002569,338.095524703155,2766.40724304709,17372.7755431456
"4","sediment",45,2.24646696894435,2.57016859396069,2.8976626166764,115.316106703977,394.537433238682,1371.81805633654,0.163827395593137,0.33595018043835,0.679560475778619,NA,NA,NA,31.628664554779,132.879894318077,560.822504021866
"5","stormwater",106,1.58134162056247,2.95984773131655,4.33570794921282,16.7177949356397,9322.21419695352,5699412.72650694,NA,NA,NA,NA,NA,NA,16.7177949356397,9322.21419695352,5699412.72650694
"6","wastewater",110,2.52343181877261,2.53995941862681,2.55643067223896,1291.87181327738,1395.98072984121,1508.09777143924,0.0841594949695608,0.280387611615665,0.63716714660291,NA,NA,NA,116.457119989555,390.857069793238,896.512606285621
