"","mean.xmin","sd.xmin","mean.alpha","sd.alpha","xmin.plot","watertype","n.obs","xmin.lim"
"1",486.5,2.12132034355964,1.94774797794078,0.0230317361025939,412.767975348593,"surface water","1241",482.257359312881
"2",481,73.5391052434009,2.15039037614666,0.0551743906273114,324.912418312221,"tissue","212",333.921789513198
"3",1559,425.678282274302,3.66827506499421,0.786926912686939,767.183268730109,"sediment","325",707.643435451396
"4",1495,349.310749906154,3.39519438917381,0.503833651693138,839.269756807397,"stormwater","291",796.378500187692
"5",311.5,48.7903679018718,2.08740173756341,0.0821220069450127,251.278446367791,"wastewater","504",213.919264196256
