"","SampleMatrix","ave.proportion","sd.proportion","n.proportion"
"1","eff",0.310407536317777,0.182744138171338,22
"2","fish",0.242583047473638,0.118762443688265,106
"3","manta",0.719549233706109,0.242698880320999,65
"4","sed",0.367037522072033,0.14114305103663,22
"5","sw",0.420362176161566,0.160241578430154,18
