"","aboveThreshold","particle.L.master.05","particle.L.master.25","particle.L.master.50","particle.L.master.75","particle.L.master.95","particle.L.master.05.percent","particle.L.master.25.percent","particle.L.master.50.percent","particle.L.master.75.percent","particle.L.master.95.percent","percentages","numbers"
"1","belowThreshold1",22,10,2,1,0,0.666666666666667,0.303030303030303,0.0606060606060606,0.0303030303030303,0,"6% (67% to 0%)","2 (22 to 0)"
"2","aboveThreshold1",11,23,31,32,33,0.333333333333333,0.696969696969697,0.939393939393939,0.96969696969697,1,"94% (33% to 100%)","31 (11 to 33)"
"3","aboveThreshold2",2,7,11,19,28,0.0606060606060606,0.212121212121212,0.333333333333333,0.575757575757576,0.848484848484849,"33% (6% to 85%)","11 (2 to 28)"
"4","aboveThreshold3",1,4,9,14,24,0.0303030303030303,0.121212121212121,0.272727272727273,0.424242424242424,0.727272727272727,"27% (3% to 73%)","9 (1 to 24)"
"5","aboveThreshold4",0,1,1,3,9,0,0.0303030303030303,0.0303030303030303,0.0909090909090909,0.272727272727273,"3% (0% to 27%)","1 (0 to 9)"
