"","diff","lwr","upr","p adj"
"surface water (1-L grab)-stormwater (depth-integrated perisaltic pump)",-36810.6590525196,-45134.9119604056,-28486.4061446336,1.94289029309402e-14
"surface water (Manta Trawl)-stormwater (depth-integrated perisaltic pump)",-37140.5784882889,-45217.7657058349,-29063.3912707429,1.25455201782643e-14
"wastewater (Composite)-stormwater (depth-integrated perisaltic pump)",-37122.0980536938,-46710.5295550208,-27533.6665523667,4.29656310529936e-14
"surface water (Manta Trawl)-surface water (1-L grab)",-329.919435769275,-5501.45099220987,4841.61212067132,0.998360485559166
"wastewater (Composite)-surface water (1-L grab)",-311.439001174149,-7621.82913765894,6998.95113531064,0.999508874328957
"wastewater (Composite)-surface water (Manta Trawl)",18.4804345951256,-7009.29096325593,7046.25183244618,0.999999883955882
