"","diff","lwr","upr","p adj"
"surface water (1-L grab)-stormwater (depth-integrated perisaltic pump)",-2403.5781643026,-3051.84381332074,-1755.31251528446,4.54081217071689e-14
"surface water (Manta Trawl)-stormwater (depth-integrated perisaltic pump)",-2733.41774994481,-3362.44272933521,-2104.39277055441,2.25375273998907e-14
"wastewater (Composite)-stormwater (depth-integrated perisaltic pump)",-2725.4262906961,-3472.14204273496,-1978.71053865724,4.47419878923938e-14
"surface water (Manta Trawl)-surface water (1-L grab)",-329.839585642217,-732.581585188835,72.9024139044012,0.148489233901793
"wastewater (Composite)-surface water (1-L grab)",-321.848126393503,-891.157451668153,247.461198881147,0.457326253850064
"wastewater (Composite)-surface water (Manta Trawl)",7.99145924871391,-539.308441029788,555.291359527216,0.999980143244608
