"","diff","lwr","upr","p adj"
"surface water (1-L grab)-stormwater (depth-integrated perisaltic pump)",-2403.5781643026,-3051.84396284781,-1755.31236575739,4.51860771022439e-14
"surface water (Manta Trawl)-stormwater (depth-integrated perisaltic pump)",-2733.41472437323,-3362.43984885271,-2104.38959989376,2.25375273998907e-14
"wastewater (Composite)-stormwater (depth-integrated perisaltic pump)",-2725.4262906961,-3472.14221497025,-1978.71036642196,4.47419878923938e-14
"surface water (Manta Trawl)-surface water (1-L grab)",-329.836560070636,-732.578652512552,72.9055323712805,0.148495390244534
"wastewater (Composite)-surface water (1-L grab)",-321.848126393502,-891.157582983385,247.461330196381,0.457326459741022
"wastewater (Composite)-surface water (Manta Trawl)",7.98843367713357,-539.311592839971,555.288460194238,0.999980165794793
