"","diff","lwr","upr","p adj"
"surface water (1-L grab)-stormwater (depth-integrated perisaltic pump)",-2281.75092653624,-2958.71021139499,-1604.79164167748,1.13797860024079e-13
"surface water (Manta Trawl)-stormwater (depth-integrated perisaltic pump)",-2730.88001398482,-3387.74699567877,-2074.01303229086,3.36397576461422e-14
"wastewater (Composite)-stormwater (depth-integrated perisaltic pump)",-2725.4262906961,-3505.19329247788,-1945.65928891433,5.69544411632705e-14
"surface water (Manta Trawl)-surface water (1-L grab)",-449.129087448581,-869.697316551267,-28.5608583458944,0.0314214445283577
"wastewater (Composite)-surface water (1-L grab)",-443.675364159867,-1038.18354808889,150.83281976916,0.215430063800491
"wastewater (Composite)-surface water (Manta Trawl)",5.45372328871372,-566.070851022694,576.978297600122,0.999994456055661
