"","site","ave.proportion","sd.proportion","n.samples","se.proportion"
"1","Central Bay",70.3283761561587,21.6806599123334,20,4.8479429361032
"2","general",61.0339975233592,26.1603050465068,9,8.72010168216893
"3","Lower South Bay",91.9752344564375,9.71193210005361,7,3.67076529809816
"4","National Marine Sanctuary",69.3792366799232,28.7780295922215,20,6.43496304267079
"5","South Bay",76.6427937180861,18.4667620728287,9,6.15558735760956
