"","site","ave.proportion","sd.proportion","n.samples","se.proportion"
"1","Central Bay",68.7667117433249,21.0874197487673,19,4.83778587710002
"2","general",90.4761904761905,NA,1,NA
"3","Lower South Bay",90.6377735325104,9.9075736517976,6,4.04475000599118
"4","National Marine Sanctuary",72.4726561400856,28.0033653860924,18,6.60045652018353
"5","San Pablo Bay",61.9296690307329,23.8657592746687,4,11.9328796373344
"6","South Bay",80.95998503811,14.072385660729,8,4.97533966408691
"7","Suisin Bay",52.7777777777778,51.0688230856951,2,36.1111111111111
