"","site","ave.proportion","sd.proportion","n.samples","se.proportion"
"1","Central Bay",68.7667117433249,21.0874197487673,19,4.83778587710002
"2","general",63.3929174506682,29.6765298137154,7,11.2166739517836
"3","Lower South Bay",90.6377735325104,9.9075736517976,6,4.04475000599118
"4","National Marine Sanctuary",72.4726561400856,28.0033653860924,18,6.60045652018353
"5","South Bay",80.95998503811,14.072385660729,8,4.97533966408691
