"","matrix","plastic.proportion.05","plastic.proportion.50","plastic.proportion.95"
"1","fish",0.0846322743446807,0.224011531342449,0.457046955760648
"2","grab",0.183620430893975,0.399522194588418,0.708943179013415
"3","sediment",0.164575036256189,0.335817900182229,0.677439949585246
"4","wastewater",0.0872025862287527,0.280681439591357,0.637940775745074
