"","matrix","plastic.proportion.05","plastic.proportion.50","plastic.proportion.95"
"1","fish",0.0873469272508645,0.225822207485682,0.465202361732186
"2","grab",0.186348393040135,0.39619539214742,0.707238512687915
"3","sediment",0.163827395593137,0.33595018043835,0.679560475778619
"4","wastewater",0.0841594949695608,0.280387611615665,0.63716714660291
