"","aboveThreshold","Conc","conc.lower.68","conc.lower.95","conc.lower.99","conc.upper.68","conc.upper.95","conc.upper.99","Conc.percent","conc.lower.95.percent","conc.upper.95.percent"
"1","belowThreshold1",51,55,57,57,46,37,28,0.879310344827586,0.982758620689655,0.637931034482759
"2","aboveThreshold1",7,3,1,1,12,21,30,0.120689655172414,0.0172413793103448,0.362068965517241
"3","aboveThreshold2",1,1,0,0,2,3,9,0.0172413793103448,0,0.0517241379310345
"4","aboveThreshold3",1,1,0,0,1,3,7,0.0172413793103448,0,0.0517241379310345
"5","aboveThreshold4",0,0,0,0,0,1,1,0,0,0.0172413793103448
