"","aboveThreshold","Conc","conc.lower.68","conc.lower.95","conc.lower.99","conc.upper.68","conc.upper.95","conc.upper.99","Conc.percent","conc.lower.95.percent","conc.upper.95.percent"
"1","belowThreshold1",56,61,63,64,50,37,24,0.861538461538462,0.969230769230769,0.569230769230769
"2","aboveThreshold1",9,4,2,1,15,28,41,0.138461538461538,0.0307692307692308,0.430769230769231
"3","aboveThreshold2",1,1,1,0,2,6,11,0.0153846153846154,0.0153846153846154,0.0923076923076923
"4","aboveThreshold3",1,1,0,0,1,3,7,0.0153846153846154,0,0.0461538461538462
"5","aboveThreshold4",0,0,0,0,1,1,1,0,0,0.0153846153846154
