"","aboveThreshold","particle.L.master.05","particle.L.master.25","particle.L.master.50","particle.L.master.75","particle.L.master.95","particle.L.master.50.percent","particle.L.master.05.percent","particle.L.master.95.percent"
"1","belowThreshold1",59,47,33,15,2,0.507692307692308,0.907692307692308,0.0307692307692308
"2","aboveThreshold1",6,18,32,50,63,0.492307692307692,0.0923076923076923,0.969230769230769
"3","aboveThreshold2",1,3,7,15,33,0.107692307692308,0.0153846153846154,0.507692307692308
"4","aboveThreshold3",1,1,4,10,26,0.0615384615384615,0.0153846153846154,0.4
"5","aboveThreshold4",0,1,1,1,7,0.0153846153846154,0,0.107692307692308
