"","aboveThreshold","particle.L.master.05","particle.L.master.25","particle.L.master.50","particle.L.master.75","particle.L.master.95","particle.L.master.05.percent","particle.L.master.25.percent","particle.L.master.50.percent","particle.L.master.75.percent","particle.L.master.95.percent","percentages","numbers"
"1","belowThreshold1",32,21,4,0,0,0.96969696969697,0.636363636363636,0.121212121212121,0,0,"12% (97% to 0%)","4 (32 to 0)"
"2","aboveThreshold1",1,12,29,33,33,0.0303030303030303,0.363636363636364,0.878787878787879,1,1,"88% (3% to 100%)","29 (1 to 33)"
"3","aboveThreshold2",0,2,10,28,33,0,0.0606060606060606,0.303030303030303,0.848484848484849,1,"30% (0% to 100%)","10 (0 to 33)"
"4","aboveThreshold3",0,1,9,24,33,0,0.0303030303030303,0.272727272727273,0.727272727272727,1,"27% (0% to 100%)","9 (0 to 33)"
"5","aboveThreshold4",0,0,1,9,32,0,0,0.0303030303030303,0.272727272727273,0.96969696969697,"3% (0% to 97%)","1 (0 to 32)"
