"","aboveThreshold","particle.L.master.05","particle.L.master.25","particle.L.master.50","particle.L.master.75","particle.L.master.95","particle.L.master.05.percent","particle.L.master.25.percent","particle.L.master.50.percent","particle.L.master.75.percent","particle.L.master.95.percent","percentages","numbers"
"1","belowThreshold1",27,19,10,2,0,0.818181818181818,0.575757575757576,0.303030303030303,0.0606060606060606,0,"30% (82% to 0%)","10 (27 to 0)"
"2","aboveThreshold1",6,14,23,31,33,0.181818181818182,0.424242424242424,0.696969696969697,0.939393939393939,1,"70% (18% to 100%)","23 (6 to 33)"
"3","aboveThreshold2",1,2,7,12,24,0.0303030303030303,0.0606060606060606,0.212121212121212,0.363636363636364,0.727272727272727,"21% (3% to 73%)","7 (1 to 24)"
"4","aboveThreshold3",1,1,4,9,20,0.0303030303030303,0.0303030303030303,0.121212121212121,0.272727272727273,0.606060606060606,"12% (3% to 61%)","4 (1 to 20)"
"5","aboveThreshold4",0,1,1,1,7,0,0.0303030303030303,0.0303030303030303,0.0303030303030303,0.212121212121212,"3% (0% to 21%)","1 (0 to 7)"
