"","aboveThreshold","particle.L.master.05","particle.L.master.25","particle.L.master.50","particle.L.master.75","particle.L.master.95","particle.L.master.05.percent","particle.L.master.25.percent","particle.L.master.50.percent","particle.L.master.75.percent","particle.L.master.95.percent"
"1","belowThreshold1",35,23,13,3,0,0.538461538461538,0.353846153846154,0.2,0.0461538461538462,0
"2","aboveThreshold1",6,18,28,38,41,0.0923076923076923,0.276923076923077,0.430769230769231,0.584615384615385,0.630769230769231
"3","aboveThreshold2",1,3,7,15,29,0.0153846153846154,0.0461538461538462,0.107692307692308,0.230769230769231,0.446153846153846
"4","aboveThreshold3",1,1,4,10,24,0.0153846153846154,0.0153846153846154,0.0615384615384615,0.153846153846154,0.369230769230769
"5","aboveThreshold4",0,1,1,1,7,0,0.0153846153846154,0.0153846153846154,0.0153846153846154,0.107692307692308
