"","aboveThreshold","Conc","conc.combined.lower.95","conc.combined.upper.95","Conc.percent","conc.lower.95.percent","conc.upper.95.percent"
"1","belowThreshold1",40,55,33,0.615384615384615,0.846153846153846,0.507692307692308
"2","aboveThreshold1",25,10,32,0.384615384615385,0.153846153846154,0.492307692307692
"3","aboveThreshold2",5,1,7,0.0769230769230769,0.0153846153846154,0.107692307692308
"4","aboveThreshold3",3,1,5,0.0461538461538462,0.0153846153846154,0.0769230769230769
"5","aboveThreshold4",1,0,1,0.0153846153846154,0,0.0153846153846154
