"","aboveThreshold","Conc","conc.lower.68","conc.lower.95","conc.lower.99","conc.upper.68","conc.upper.95","conc.upper.99","Conc.percent","conc.lower.95.percent","conc.upper.95.percent"
"1","belowThreshold1",49,54,56,57,44,31,20,0.844827586206897,0.96551724137931,0.53448275862069
"2","aboveThreshold1",9,4,2,1,14,27,38,0.155172413793103,0.0344827586206897,0.46551724137931
"3","aboveThreshold2",1,1,1,0,2,6,10,0.0172413793103448,0.0172413793103448,0.103448275862069
"4","aboveThreshold3",1,1,0,0,1,3,8,0.0172413793103448,0,0.0517241379310345
"5","aboveThreshold4",0,0,0,0,1,1,1,0,0,0.0172413793103448
