"","aboveThreshold","Conc","conc.combined.lower.95","conc.combined.upper.95","Conc.percent","conc.lower.95.percent","conc.upper.95.percent"
"1","belowThreshold1",55,60,54,0.846153846153846,0.923076923076923,0.830769230769231
"2","aboveThreshold1",10,5,11,0.153846153846154,0.0769230769230769,0.169230769230769
"3","aboveThreshold2",1,1,1,0.0153846153846154,0.0153846153846154,0.0153846153846154
"4","aboveThreshold3",1,1,1,0.0153846153846154,0.0153846153846154,0.0153846153846154
"5","aboveThreshold4",0,0,0,0,0,0
