"","diff","lwr","upr","p adj"
"surface water (1-L grab)-stormwater (depth-integrated perisaltic pump)",20.3945330471887,-141.675836503298,182.464902597675,0.987819869346598
"surface water (Manta Trawl)-stormwater (depth-integrated perisaltic pump)",-224.626700653096,-384.117536262883,-65.1358650433087,0.00201075741218748
"wastewater (Composite)-stormwater (depth-integrated perisaltic pump)",-227.256588030252,-416.588209440717,-37.9249666197873,0.011672727748348
"surface water (Manta Trawl)-surface water (1-L grab)",-245.021233700285,-343.394216941464,-146.648250459105,1.02642265797925e-08
"wastewater (Composite)-surface water (1-L grab)",-247.651121077441,-389.377547879844,-105.924694275038,7.19256666381618e-05
"wastewater (Composite)-surface water (Manta Trawl)",-2.62988737715622,-141.399127525878,136.139352771566,0.999956695454445
