"","diff","lwr","upr","p adj"
"surface water (1-L grab)-stormwater (depth-integrated perisaltic pump)",27.3338392974199,-140.512725939716,195.180404534555,0.974263268642369
"surface water (Manta Trawl)-stormwater (depth-integrated perisaltic pump)",-224.626700653096,-387.491542248434,-61.7618590577579,0.00262824669838879
"wastewater (Composite)-stormwater (depth-integrated perisaltic pump)",-227.256588030252,-420.593493013598,-33.9196830469068,0.0142026068741576
"surface water (Manta Trawl)-surface water (1-L grab)",-251.960539950516,-356.237021980715,-147.684057920316,2.93354399660828e-08
"wastewater (Composite)-surface water (1-L grab)",-254.590427327672,-401.993910682915,-107.18694397243,9.10282850695721e-05
"wastewater (Composite)-surface water (Manta Trawl)",-2.62988737715676,-144.334771101148,139.074996346834,0.999959241827632
