"","diff","lwr","upr","p adj"
"surface water (1-L grab)-stormwater (depth-integrated perisaltic pump)",20.3945330471892,-137.385422706519,178.174488800898,0.986857286477927
"surface water (Manta Trawl)-stormwater (depth-integrated perisaltic pump)",-224.79547612295,-378.580354169396,-71.0105980765045,0.00122148187423265
"wastewater (Composite)-stormwater (depth-integrated perisaltic pump)",-227.256588030252,-411.576121155123,-42.9370549053804,0.0089684527213767
"surface water (Manta Trawl)-surface water (1-L grab)",-245.190009170139,-338.533889811426,-151.846128528853,1.50465828685498e-09
"wastewater (Composite)-surface water (1-L grab)",-247.651121077441,-385.625689852941,-109.676552301941,4.20881682300367e-05
"wastewater (Composite)-surface water (Manta Trawl)",-2.46111190730184,-135.848727175374,130.92650336077,0.999960127033919
