"","diff","lwr","upr","p adj"
"surface water (1-L grab)-stormwater (depth-integrated perisaltic pump)",-1.55176728190563,-3.04559033481923,-0.0579442289920395,0.0384711202926027
"surface water (Manta Trawl)-stormwater (depth-integrated perisaltic pump)",-3.79923836749035,-5.26928553047985,-2.32919120450085,2.99605518172541e-09
"wastewater (Composite)-stormwater (depth-integrated perisaltic pump)",-3.78404541666668,-5.52913886893007,-2.03895196440329,5.94852336055496e-07
"surface water (Manta Trawl)-surface water (1-L grab)",-2.24747108558472,-3.15418728890515,-1.34075488226428,1.20059975294851e-08
"wastewater (Composite)-surface water (1-L grab)",-2.23227813476104,-3.53858849952238,-0.925967769999706,0.000107827360656176
"wastewater (Composite)-surface water (Manta Trawl)",0.0151929508236737,-1.26386065129012,1.29424655293747,0.999989331388705
